Nome,Partido,Descrição
Partido Socialista,PS,"Partido político português de centro-esquerda, fundado a 19 de abril de 1973 por militantes da Acção Socialista Portuguesa (ASP)"
Partido Popular Democrático,PPD,"Partido político português fundado em 6 de maio de 1974 por Francisco Sá Carneiro, Francisco Pinto Balsemão e Joaquim Magalhães Mota sob o nome Partido Popular Democrático (PPD)."
Partido Comunista Português,PCP,"Partido político de inspiração marxista-leninista e socialista, organizado no molde do centralismo democrático. É um dos partidos comunistas mais fortes da Europa Ocidental e o mais antigo partido político português com existência ininterrupta."
Centro Democrático Social - Partido Popular,CDS-PP,"Partido político português conservador inspirado pela democracia cristã, aberto também a liberais. Fundado em 19 de Julho de 1974, com o nome Partido do Centro Democrático Social (CDS)."
Centro Democrático Social,CDS,"Partido político português conservador inspirado pela democracia cristã, aberto também a liberais. Fundado em 19 de Julho de 1974, com o nome Partido do Centro Democrático Social (CDS)."
Movimento Democrático Português,MDP,"Fora uma das mais importantes organizações políticas da Oposição Democrática ao regime do Estado Novo em Portugal, antes do 25 de Abril. Foi fundado em 1969, actuando através de comissões democráticas eleitorais, para concorrer às eleições legislativas."
Frente Socialista Popular,FSP,"Partido político português criado em 1974, herdeiro do Movimento Socialista Popular de Manuel Serra, integrada como grupo autónomo do PS, até Dezembro de 1974."
Movimento de Esquerda Socialista,MES,"Partido português fundado em Fevereiro de 1975, uns meses a seguir à Revolução de 25 de Abril de 1974. O MES, apesar de ser um pequeno partido, agregava muitas tendências entre que provinham de uma cisão à esquerda na Comissão Democrática Eleitoral (CDE), dirigentes estudantis das lutas de 1969 em Coimbra, estudantes e sindicalistas."
União Democrática Popular,UDP,"A União Democrática Popular (UDP) foi um partido político marxista que nasceu em 1974 e que, em 1999, juntamente com o Partido Socialista Revolucionário e a Política XXI, esteve na origem da criação do Bloco de Esquerda."
Partido Popular Monárquico,PPM,"Partido político português inspirado pelo municipalismo, agrarianismo e tradicionalismo que defende a restauração da monarquia em Portugal. Foi fundado em 23 de maio de 1974 por Gonçalo Ribeiro Telles."
Associação para a Defesa dos Interesses de Macau,ADIM,"Associação política de matriz portuguesa e de cariz conservador e localista fundada em 1974 por um grupo de macaenses, entre os quais estavam Delfino José Rodrigues Ribeiro e Carlos Augusto Corrêa Paes d’Assumpção, que se tornou naturalmente no líder desta associação. A ADIM manteve uma relação de estreita colaboração política com o Centro Democrático Social (CDS) português, cuja ideologia se assemelhava à do ADIM."
Aliança Democrática,AD,"A Aliança Democrática (AD) foi uma coligação política em Portugal de centro-direita, formada pelo Partido Social Democrata (PPD/PSD), pelo CDS – Partido Popular (CDS–PP), pelo Partido Popular Monárquico (PPM) e personalidades independentes."
Aliança Povo Unido,APU,"Foi uma antiga coligação (activa entre 1978 e 1987) formada pelo Partido Comunista Português (PCP), Movimento Democrático Português / Comissão Democrática Eleitoral (MDP/CDE) e, após 1983, também pelo Partido Ecologista ""Os Verdes"" (PEV) com a então denominação de Movimento Ecologista Português - Partido ""Os Verdes"" (MEP-PV)."
Partido da Democracia Cristã,PDC,"Partido político português da direita com princípios cristãos, criado em 10 de maio de 1974, a partir de uma cisão mais à direita do Partido Cristão Social Democrático (PCSD), pretendendo reunir conservadores sociais, democratas-cristãos e conservadores nacionais, inspirando-se, segundo o líder Nuno Calvet de Magalhães, numa tradição distinta do salazarismo."
Partido Comunista dos Trabalhadores Portugueses,PCTP/MRPP,"Partido político de Portugal, marxista-leninista com inspiração maoísta fundado em 18 de setembro de 1970, foi registado oficialmente no tribunal constitucional em 18 de fevereiro de 1975, passou a chamar-se PCTP/MRPP em 26 de dezembro de 1976 a deixando o nome Movimento Reorganizativo do Partido do Proletariado (MRPP)."
Liga Comunista Internacionalista,LCI,"Partido português fundado em 1973. Considera-se como secção portuguesa da IV Internacional, de cariz trotskista."
Partido Comunista de Portugal (Marxista-Leninista),PCP (M-L),"Foi um pequeno grupo político de extrema-esquerda criado em 1970, a partir do Comité Marxista-Leninista Português, que havia sido fundado em 1964 por Francisco Martins Rodrigues."
Partido Trabalhista,PT,"Partido político de extrema-esquerda, maoista, criado a partir de uma facção do PCP (M-L), por iniciativa de Heduíno Gomes, de pseudónimo Vilar."
Partido Revolucionário dos Trabalhadores,PRT,Partido de orientação trotskista (próximo do argentino Nahuel Moreno e do SWP norte-americano) que defendia os princípios do marxismo revolucionário. Os seus objetivos eram organizar e controlar a classe operária para a conduzir à tomada do poder e à revolução socialista.
Organização Comunista Marxista-Leninista Portuguesa,OCMLP,"Foi uma organização e posteriormente um partido político português, já dissolvido. Foi criada em 1973 da fusão de herdeiros do Comité Marxista-Leninista Português (CMLP), Núcleos O Comunista e o grupo do Porto que publicava o jornal O Grito do Povo."
Centro Democrático de Macau,CDM,"Associação política de matriz portuguesa e de centro-esquerda, com sede em Macau, fundado em 30 de Abril de 1974, cinco dias após a Revolução do 25 de Abril, que se propõe contribuir para o exercício dos direitos civis e políticos e participar na vida política de Macau."
Partido de Unidade Popular,PUP,"Partido político português, fundado em Dezembro de 1974. Era uma organização política de tendência maoista, que provinham da chamada Facção Mendes do PCP (M-L). Depois das eleições legislativas portuguesas de 1975 retoma a designação inicial de CM-LP. Em 1976, com o ORPC (M-L) e com a OCMLP funde-se no Partido Comunista (Reconstruído) e o partido extinguiu-se."
União da Esquerda para a Democracia Socialista,UEDS,"Partido de esquerda português fundado em Janeiro de 1978 na Convenção da Esquerda Socialista e Democrática. O partido tem as suas origens na Associação de Cultura Socialista — Fraternidade Operária, uma organização socialista, no MSU e em grupos de pessoas independentes ligadas ao Partido Socialista."
Partido Socialista Revolucionário,PSR,"Partido político português trotskista criado em 1978, durante o congresso em que a Liga Comunista Internacionalista (LCI) se fundiu com o Partido Revolucionário dos Trabalhadores (PRT) e integrou um conjunto de militantes de várias correntes trotskistas."
Partido Operário de Unidade Socialista,POUS,É uma associação política portuguesa que tem origem no extinto partido trotskista homónimo.
Frente Republicana e Socialista,FRS,"Foi uma coligação de partidos políticos portugueses formada pelo Partido Socialista (PS), União de Esquerda Socialista Democrática (UEDS) e Acção Social Democrata Independente (ASDI), registada em 1 de Agosto de 1980."
Movimento Independente para a Reconstrução Nacional,MIRN,"Foi um partido português, já dissolvido, fundado em 1979. Defendia o estabelecimento de um regime presidencialista e foi frequentemente conotado com a extrema-direita."
Partido Democrático do Atlântico,PDA,"Partido político português que, inicialmente, foi considerado de extrema-direita e com origem no MAPA, fundado em 1979, por Francisco da Costa Matos."
Partido Socialista dos Trabalhadores,PST,Partido político português fundado em 1980 (por dissidentes do Partido Socialista Revolucionário) e extinto em 1981.
Frente Nacional,FN,"Grupo político português já dissolvido, que em 1980 concorreu às eleições legislativas em coligação com o PDC e o MIRN/PDP e que, após obter apenas 0,4% dos votos, acabaria por cessar atividade, tendo como último presidente o jornalista e ensaísta Manuel Maria Múrias."
Frente da Esquerda Revolucionária ,FER,"Antigo partido político português de índole comunista e é o resultado da fusão entre uma das múltiplas dissensões trotskistas a operar em Portugal, e um pequeno grupo radical de jovens activistas do movimento estudantil. Gil Garcia, licenciado em filosofia, destacou-se durante muitos anos na liderança do partido."
Partido Comunista (Reconstruído),PC(R),"Partido político português de extrema-esquerda, criado em 1975. Definia-se como um partido político revolucionário do proletariado seguindo a doutrina marxista-leninista."
Partido Renovador Democrático,PRD,"Partido português criado em 1985, cuja figura mais icónica foi Ramalho Eanes, que era na época o presidente da República e depois liderado por Hermínio Martinho."
Coligação Democrática Unitária,CDU,"Coligação de esquerda, formada pelo Partido Comunista Português (PCP) e pelo Partido Ecologista ""Os Verdes"" (PEV), incluindo normalmente nas suas listas membros da Associação de Intervenção Democrática (ID)."
Partido da Solidariedade Nacional,PSN,Partido político português que surgiu em 1990 com uma plataforma ligada principalmente à defesa dos direitos dos cidadãos aposentados.
Partido da Gente,PG,"Partido político português, já extinto, criado em 1995. De inspiração cristã, defendendo a promoção da democracia política, social, económica e cultural, baseada em principios éticos, sociais e democráticos da doutrina cristã."
Movimento Partido da Terra,MPT-PH,"Anteriormente designado por MPT-PH – Partido da Terra e originalmente chamado de Movimento o Partido da Terra, é um partido português fundado em 12 de agosto de 1993. Assume-se hoje como um partido político liberal verde, ecologista e humanista."
Bloco de Esquerda,BE,"O Bloco de Esquerda (BE) é um partido político socialista e populista, de esquerda a extrema-esquerda, em Portugal."
Partido Humanista,PH,"partido político português que nunca teve representação parlamentar. Em 2009, concorreu às eleições legislativas coligado com o MPT-PH, formando a FEH - Frente Ecologia e Humanismo. Em 2011, posicionou-se em último lugar, entre os 17 partidos concorrentes, tendo obtido 3 590 votos a nível nacional, correspondentes a 0,06%, havendo a atenuante de ter participado apenas em seis círculos eleitorais, mais os dos emigrantes."
Partido Nacional Renovador,PNR,Partido político português ultranacionalista de extrema-direita. O seu lema é Nação e Trabalho e um dos seus objetivos consiste na valorização de um espírito nacionalista português.
Partido da Nova Democracia,PND,"Partido político português conservador-nacionalista, que nasceu duma dissidência do CDS - Partido Popular liderada por Manuel Monteiro e pelo núcleo duro que o acompanhara durante a sua presidência daquele partido, essencialmente composto por Jorge Ferreira, Gonçalo Ribeiro da Costa e Diogo Pacheco de Amorim."
Movimento Esperança Portugal,MEP,"foi o 16.º partido político português, reconhecido pelo Tribunal Constitucional  a 23 de Julho de 2008. O MEP posicionava-se ideologicamente como um partido do Centro entre o PS e o PSD."
Partido Liberal Democrata,PLD,"Resultou da alteração da denominação em 2011 do anterior partido Movimento Mérito e Sociedade (MMS) que havia sido fundado em Lisboa, Setembro de 2007"
Partido Cidadania e Democracia Cristã,PPV/CDC,"Partido político português, aprovado pelo Tribunal Constitucional em 1 de julho de 2009 sob a designação de Portugal pro Vida (PPV), que defendia os princípios da doutrina social da Igreja."
Partido Trabalhista Português,PTP,"Partido político trabalhista português. Trata-se de um partido que, num clima de tolerância, aposta no diálogo construtivo, não alinhado em percursos fraturantes da sociedade."
Pessoas–Animais–Natureza,PAN,"Partido político de Portugal. Intitula-se um partido de causas, defensor dos direitos humanos, dos animais e da natureza."
"Partido Ecologista ""Os Verdes""",PEV,"Partido político português verde. Foi fundado em 1982 e concorreu sempre a eleições em coligação com o PCP, primeiro na Aliança Povo Unido (APU) e depois na Coligação Democrática Unitária (CDU). Conta com uma intervenção e um conhecimento importantes nas áreas do ambiente e da ecologia."
Movimento Alternativa Socialista,MAS,"Organização política trotskista portuguesa e é o resultado da fusão entre a Frente da Esquerda Revolucionária (FER), e os jovens activistas do movimento estudantil (Ruptura)."
Juntos pelo Povo,JPP,"O partido tem origem num movimento do concelho de Santa Cruz, na Região Autónoma da Madeira, que disputou as eleições autárquicas de 2013 nesse concelho, conquistando a maioria absoluta, com Filipe Sousa como cabeça-de-lista."
Livre,L,"Partido político português. Os seus princípios fundadores são liberdade, igualdade, solidariedade, socialismo, ecologia e europeísmo. O seu símbolo é a papoila. Foi legalizado pelo Tribunal Constitucional a 19 de março de 2014."
Alternativa Democrática Nacional,ADN,"Fundada com a designação de Partido Democrático Republicano (PDR), é um partido político português conservador,[4] considerado de extrema-direita,[5] designação que a agremiação rejeita."
"Nós, Cidadãos!",NC,"Partido político português, que se identifica como partido dos movimentos cívicos, apresentando-se como de centro a centro-direita no espectro político."
Partido Unido dos Reformados e Pensionistas,PURP,"O partido tem origem na constatação, por parte dos fundadores, Portugal não tem “associações de reformados que defendam” os aposentados e os pensionistas, pretendendo assumir-se como a voz política dos membros dessa faixa etária."
Chega,CH,"Partido político português, de ideologia populista, de direita radical, nacionalista, conservador, sendo o seu espectro político definido como sendo de direita a extrema-direita."
Iniciativa Liberal,IL,"Partido político português de índole liberal, que defende a liberalização económica, política e cultural.[4] Fundado em 2017, concorreu às suas primeiras eleições nas europeias de 2019. O espectro político da IL é definido como sendo de centro-direita."
Aliança,A,"Partido político português que surgiu em 2018 como cisão do PSD. Define-se como um partido personalista, europeísta, conservador nos costumes e liberal na economia, assumidamente de direita."
Reagir Incluir Reciclar,R.I.R,"Partido oficial português cujo fundador foi Vitorino Silva, mais conhecido por Tino de Rans."
Volt Portugal,VP,"Partido português pan-europeu, progressista e pragmático. Não se considera nem de esquerda nem de direita pois procura basear as suas decisões nas melhores práticas, na evidência científica e na defesa dos direitos humanos."